{"cameraMode":{"drawMode":0,"name":"Shaded","section":"Shading Mode"},"sceneLighting":true,"audioPlay":false,"sceneViewState":{"showFog":true,"showMaterialUpdate":false,"showSkybox":true,"showFlares":true,"showImageEffects":true,"showParticleSystems":true},"in2DMode":false,"pivot":{"x":11.706075668334961,"y":5.6854248046875,"z":-9.938076972961426},"rotation":{"x":-0.16814106702804566,"y":0.3208307921886444,"z":-0.05798851326107979,"w":-0.9302944540977478},"size":2.8578836917877199,"orthographic":false}