{"cameraMode":{"drawMode":0,"name":"Shaded","section":"Shading Mode"},"sceneLighting":true,"audioPlay":false,"sceneViewState":{"showFog":false,"showMaterialUpdate":false,"showSkybox":false,"showFlares":false,"showImageEffects":false,"showParticleSystems":false},"in2DMode":false,"pivot":{"x":-5.442476272583008,"y":9.19787311553955,"z":36.72563934326172},"rotation":{"x":0.016599848866462709,"y":-0.9788078665733337,"z":0.1965019702911377,"w":0.06912093609571457},"size":5.7157673835754398,"orthographic":false}