{"cameraMode":{"drawMode":0,"name":"Shaded","section":"Shading Mode"},"sceneLighting":true,"audioPlay":false,"sceneViewState":{"showFog":false,"showMaterialUpdate":false,"showSkybox":false,"showFlares":false,"showImageEffects":false,"showParticleSystems":false},"in2DMode":false,"pivot":{"x":-32.19405746459961,"y":-52.486324310302737,"z":-68.91999816894531},"rotation":{"x":0.09618566930294037,"y":-0.861177921295166,"z":0.17698799073696137,"w":0.46682819724082949},"size":29.07979393005371,"orthographic":false}