{"cameraMode":{"drawMode":0,"name":"Shaded","section":"Shading Mode"},"sceneLighting":true,"audioPlay":false,"sceneViewState":{"showFog":false,"showMaterialUpdate":false,"showSkybox":false,"showFlares":false,"showImageEffects":false,"showParticleSystems":false},"in2DMode":false,"pivot":{"x":31.728450775146486,"y":8.338750839233399,"z":-20.36249542236328},"rotation":{"x":0.22582818567752839,"y":-0.3019822835922241,"z":0.07117075473070145,"w":0.9244290590286255},"size":8.573651313781739,"orthographic":false}