{"cameraMode":{"drawMode":0,"name":"Shaded","section":"Shading Mode"},"sceneLighting":true,"audioPlay":false,"sceneViewState":{"showFog":false,"showMaterialUpdate":false,"showSkybox":false,"showFlares":false,"showImageEffects":false,"showParticleSystems":false},"in2DMode":false,"pivot":{"x":-1.5284674167633057,"y":4.726133346557617,"z":-12.429530143737793},"rotation":{"x":0.2791997790336609,"y":0.3103283941745758,"z":-0.0986025258898735,"w":0.9043494462966919},"size":8.187836647033692,"orthographic":false}