{"cameraMode":{"drawMode":0,"name":"Shaded","section":"Shading Mode"},"sceneLighting":true,"audioPlay":false,"sceneViewState":{"showFog":true,"showMaterialUpdate":true,"showSkybox":false,"showFlares":true,"showImageEffects":true,"showParticleSystems":true},"in2DMode":false,"pivot":{"x":-17.290653228759767,"y":2.901691436767578,"z":-1.6095365285873414},"rotation":{"x":0.09567494690418244,"y":0.6463287472724915,"z":-0.08431029319763184,"w":0.7528110146522522},"size":2.079679250717163,"orthographic":false}