{"cameraMode":{"drawMode":0,"name":"Shaded","section":"Shading Mode"},"sceneLighting":true,"audioPlay":false,"sceneViewState":{"showFog":true,"showMaterialUpdate":true,"showSkybox":false,"showFlares":true,"showImageEffects":true,"showParticleSystems":true},"in2DMode":false,"pivot":{"x":-2.249053478240967,"y":-7.211493015289307,"z":-14.562248229980469},"rotation":{"x":-0.14865842461585999,"y":-0.679105281829834,"z":0.1467813402414322,"w":-0.7045699954032898},"size":2.8578836917877199,"orthographic":false}