{"cameraMode":{"drawMode":0,"name":"Shaded","section":"Shading Mode"},"sceneLighting":true,"audioPlay":false,"sceneViewState":{"showFog":false,"showMaterialUpdate":false,"showSkybox":false,"showFlares":false,"showImageEffects":false,"showParticleSystems":false},"in2DMode":false,"pivot":{"x":61.3392333984375,"y":16.238563537597658,"z":-85.64556884765625},"rotation":{"x":-0.1040315181016922,"y":0.3504219055175781,"z":-0.038974106311798099,"w":-0.9300951957702637},"size":2.8578836917877199,"orthographic":false}